{
    "overall_win_rate": 0.6315005215318135,
    "product": {
        "win_rate": {
            "GTK 500": 0.6,
            "GTX Basic": 0.6372,
            "GTX Plus Basic": 0.6213,
            "GTX Plus Pro": 0.643,
            "GTX Pro": 0.6356,
            "MG Advanced": 0.6033,
            "MG Special": 0.6484
        },
        "sample_size": {
            "GTK 500": 25,
            "GTX Basic": 1436,
            "GTX Plus Basic": 1051,
            "GTX Plus Pro": 745,
            "GTX Pro": 1147,
            "MG Advanced": 1084,
            "MG Special": 1223
        },
        "lift": {
            "GTK 500": 0.9501179801793298,
            "GTX Basic": 1.0090252949504483,
            "GTX Plus Basic": 0.983847168475696,
            "GTX Plus Pro": 1.0182097687588485,
            "GTX Pro": 1.0064916470033034,
            "MG Advanced": 0.9553436290703161,
            "MG Special": 1.0267608305804623
        }
    },
    "product_series": {
        "win_rate": {
            "GTK": 0.6,
            "GTX": 0.6339,
            "MG": 0.6272
        },
        "sample_size": {
            "GTK": 25,
            "GTX": 4379,
            "MG": 2307
        },
        "lift": {
            "GTK": 0.9501179801793298,
            "GTX": 1.003799646059462,
            "MG": 0.9931899952807928
        }
    },
    "account_sector": {
        "win_rate": {
            "employment": 0.6259,
            "entertainment": 0.6468,
            "finance": 0.6117,
            "marketing": 0.6485,
            "medical": 0.6232,
            "retail": 0.6306,
            "services": 0.6335,
            "software": 0.6392,
            "technolgy": 0.6342,
            "telecommunications": 0.625
        },
        "sample_size": {
            "employment": 286,
            "entertainment": 402,
            "finance": 613,
            "marketing": 623,
            "medical": 950,
            "retail": 1267,
            "services": 352,
            "software": 704,
            "technolgy": 1058,
            "telecommunications": 456
        },
        "lift": {
            "employment": 0.9911314063237376,
            "entertainment": 1.0242271826333176,
            "finance": 0.9686452807928269,
            "marketing": 1.026919183577159,
            "medical": 0.9868558754129305,
            "retail": 0.9985739971684757,
            "services": 1.0031662340726757,
            "software": 1.0121923548843794,
            "technolgy": 1.0042747050495515,
            "telecommunications": 0.9897062293534686
        }
    },
    "account_region": {
        "win_rate": {
            "Belgium": 0.6058,
            "Brazil": 0.6154,
            "China": 0.6875,
            "Germany": 0.7255,
            "Italy": 0.6207,
            "Japan": 0.6133,
            "Jordan": 0.642,
            "Kenya": 0.6163,
            "Korea": 0.5751,
            "Norway": 0.5882,
            "Panama": 0.75,
            "Philipines": 0.5882,
            "Poland": 0.6618,
            "Romania": 0.561,
            "United States": 0.6326
        },
        "sample_size": {
            "Belgium": 104,
            "Brazil": 52,
            "China": 48,
            "Germany": 51,
            "Italy": 87,
            "Japan": 75,
            "Jordan": 81,
            "Kenya": 86,
            "Korea": 193,
            "Norway": 85,
            "Panama": 100,
            "Philipines": 85,
            "Poland": 68,
            "Romania": 41,
            "United States": 5555
        },
        "lift": {
            "Belgium": 0.9593024539877301,
            "Brazil": 0.9745043416705992,
            "China": 1.0886768522888155,
            "Germany": 1.1488509910335063,
            "Italy": 0.9828970504955168,
            "Japan": 0.9711789287399716,
            "Jordan": 1.016626238791883,
            "Kenya": 0.9759295186408682,
            "Korea": 0.9106880840018876,
            "Norway": 0.9314323265691362,
            "Panama": 1.1876474752241624,
            "Philipines": 0.9314323265691362,
            "Poland": 1.0479801321378008,
            "Romania": 0.8883603114676735,
            "United States": 1.0017410571024068
        }
    },
    "sales_rep": {
        "win_rate": {
            "Anna Snelling": 0.619,
            "Boris Faz": 0.6601,
            "Cassey Cress": 0.6245,
            "Cecily Lampkin": 0.6688,
            "Corliss Cosme": 0.655,
            "Daniell Hammack": 0.6096,
            "Darcel Schlecht": 0.6311,
            "Donn Cantrell": 0.5745,
            "Elease Gluck": 0.6349,
            "Garret Kinder": 0.6098,
            "Gladys Colclough": 0.5819,
            "Hayden Neloms": 0.7039,
            "James Ascencio": 0.6553,
            "Jonathan Berthelot": 0.6477,
            "Kami Bicknell": 0.6397,
            "Kary Hendrixson": 0.6239,
            "Lajuana Vencill": 0.5498,
            "Markita Hansen": 0.5727,
            "Marty Freudenburg": 0.6289,
            "Maureen Marcano": 0.6995,
            "Moses Frase": 0.6615,
            "Niesha Huffines": 0.6,
            "Reed Clapper": 0.654,
            "Rosalina Dieter": 0.6545,
            "Rosie Papadopoulos": 0.6446,
            "Versie Hillebrand": 0.6667,
            "Vicki Laflamme": 0.6369,
            "Violet Mclelland": 0.6321,
            "Wilburn Farren": 0.6962,
            "Zane Levy": 0.6169
        },
        "sample_size": {
            "Anna Snelling": 336,
            "Boris Faz": 153,
            "Cassey Cress": 261,
            "Cecily Lampkin": 160,
            "Corliss Cosme": 229,
            "Daniell Hammack": 187,
            "Darcel Schlecht": 553,
            "Donn Cantrell": 275,
            "Elease Gluck": 126,
            "Garret Kinder": 123,
            "Gladys Colclough": 232,
            "Hayden Neloms": 152,
            "James Ascencio": 206,
            "Jonathan Berthelot": 264,
            "Kami Bicknell": 272,
            "Kary Hendrixson": 335,
            "Lajuana Vencill": 231,
            "Markita Hansen": 227,
            "Marty Freudenburg": 194,
            "Maureen Marcano": 213,
            "Moses Frase": 195,
            "Niesha Huffines": 175,
            "Reed Clapper": 237,
            "Rosalina Dieter": 110,
            "Rosie Papadopoulos": 121,
            "Versie Hillebrand": 264,
            "Vicki Laflamme": 347,
            "Violet Mclelland": 193,
            "Wilburn Farren": 79,
            "Zane Levy": 261
        },
        "lift": {
            "Anna Snelling": 0.9802050495516753,
            "Boris Faz": 1.0452881311939595,
            "Cassey Cress": 0.9889144643699859,
            "Cecily Lampkin": 1.0590648419065596,
            "Corliss Cosme": 1.0372121283624351,
            "Daniell Hammack": 0.9653198678621991,
            "Darcel Schlecht": 0.9993657621519584,
            "Donn Cantrell": 0.9097379660217083,
            "Elease Gluck": 1.0053831760264276,
            "Garret Kinder": 0.9656365738555922,
            "Gladys Colclough": 0.9214560877772533,
            "Hayden Neloms": 1.1146467437470504,
            "James Ascencio": 1.0376871873525246,
            "Jonathan Berthelot": 1.0256523596035867,
            "Kami Bicknell": 1.0129841198678622,
            "Kary Hendrixson": 0.9879643463898065,
            "Lajuana Vencill": 0.8706247758376592,
            "Markita Hansen": 0.9068876120811703,
            "Marty Freudenburg": 0.9958819962246342,
            "Maureen Marcano": 1.1076792118924021,
            "Moses Frase": 1.0475050731477111,
            "Niesha Huffines": 0.9501179801793298,
            "Reed Clapper": 1.0356285983954696,
            "Rosalina Dieter": 1.0364203633789522,
            "Rosie Papadopoulos": 1.0207434167059932,
            "Versie Hillebrand": 1.0557394289759319,
            "Vicki Laflamme": 1.0085502359603586,
            "Violet Mclelland": 1.000949292118924,
            "Wilburn Farren": 1.1024535630014158,
            "Zane Levy": 0.9768796366210476
        }
    },